email,subject,message
asxc@yooyo.com,sfcdv dsfcs,csdfrf w
asxc@yooyo.com,"sfcdv dsfcs,",csdfrf 
wasxc@yooyo.com,"sfcdv dsfcs,","csdfrf w,"asxc@yooyo.com,"sfcdv dsfcs,","csdfrf w,dca"
asxc@yooyo.comd,"sfcdv dsfcs,","csdfrf w,dca"
asxc@yooyo.comd,"sfcdv dsfcs,","csdfrf w,dca"
asxc@yo.oyo.comd,"sfcdv dsfcs,","csdfrf w,dcadsssssv"
asxc@yo.oyo.comd,"sfcdv dsfcs,","csdfrf w,dcadsssssv"
asxc@yo.oyo.comd,"sfcdv dsfcs,","csdfrf w,dcadsssssv"
asxc@yo.oyo.comd,"sfcdv dsfcs,","csdfrf w,dcadsssssv"
